timestamp	iteration	change_type	description	result	status
2026-03-24T00:00:00Z	1	initial	Initial project analysis	Found type inconsistency between Endpoint dataclass and dict usage in generator.py	identified
2026-03-24T00:01:00Z	2	fix	Fixed _generate_readme method to handle both dict and Endpoint dataclass	All tests pass (5/5)	passed
2026-03-24T00:02:00Z	3	improvement	Fixed Python template - added python_type filter for correct type mapping	Types now correctly mapped (str, int, float, bool)	passed
2026-03-24T00:03:00Z	4	improvement	Fixed parameter formatting in template - removed trailing comma	Clean function signatures	passed
2026-03-24T00:04:00Z	5	documentation	Created comprehensive PROJECT.md with architecture and API docs	Complete project documentation	passed
2026-03-24T00:05:00Z	6	improvement	Simplified main() function to use FastMCP's mcp.run() directly	Cleaner, more idiomatic FastMCP usage	passed
2026-03-24T00:06:00Z	7	verification	Final verification: all tests pass, example runs, generated code is valid	All acceptance criteria met	passed
2026-03-24T08:30:00Z	8-50	phase1	Phase 1 Complete: Added comprehensive test coverage for parser, generator, types, validator, CLI, and edge cases	71 tests, 95% coverage	passed
2026-03-24T09:00:00Z	51-100	phase2	Phase 2 Complete: Added advanced scenarios, generator edge cases, error handling, integration tests, comprehensive data types, type system tests, real-world patterns	131 tests, 95% coverage	passed
